{"month":{"0":"2017-01","1":"2017-02","2":"2017-03","3":"2017-04","4":"2017-05","5":"2017-06","6":"2017-07","7":"2017-08","8":"2017-09","9":"2017-10","10":"2017-11","11":"2017-12","12":"2018-01","13":"2018-02","14":"2018-03","15":"2018-04","16":"2018-05","17":"2018-06","18":"2018-07","19":"2018-08","20":"2018-09","21":"2018-10","22":"2018-11","23":"2018-12","24":"2019-01","25":"2019-02","26":"2019-03","27":"2019-04","28":"2019-05","29":"2019-06","30":"2019-07","31":"2019-08","32":"2019-09","33":"2019-10","34":"2019-11","35":"2019-12","36":"2020-01","37":"2020-02","38":"2020-03","39":"2020-04","40":"2020-05","41":"2020-06","42":"2020-07","43":"2020-08","44":"2020-09","45":"2020-10","46":"2020-11","47":"2020-12","48":"2021-01","49":"2021-02","50":"2021-03","51":"2021-04","52":"2021-05","53":"2021-06","54":"2021-07","55":"2021-08","56":"2021-09","57":"2021-10","58":"2021-11","59":"2021-12"},"inflate_val":{"0":2.5,"1":2.7,"2":2.4,"3":2.2,"4":1.9,"5":1.6,"6":1.7,"7":1.9,"8":2.2,"9":2.0,"10":2.2,"11":2.1,"12":2.1,"13":2.2,"14":2.4,"15":2.5,"16":2.8,"17":2.9,"18":2.9,"19":2.7,"20":2.3,"21":2.5,"22":2.2,"23":1.9,"24":1.6,"25":1.5,"26":1.9,"27":2.0,"28":1.8,"29":1.6,"30":1.8,"31":1.7,"32":1.7,"33":1.8,"34":2.1,"35":2.3,"36":2.5,"37":2.3,"38":1.5,"39":0.3,"40":0.1,"41":0.6,"42":1.0,"43":1.3,"44":1.4,"45":1.2,"46":1.2,"47":1.4,"48":1.4,"49":1.7,"50":2.6,"51":4.2,"52":5.0,"53":5.4,"54":5.4,"55":5.3,"56":5.4,"57":6.2,"58":6.8,"59":6.8},"inflate_chg":{"0":0.0,"1":0.2,"2":-0.3,"3":-0.2,"4":-0.3,"5":-0.3,"6":0.1,"7":0.2,"8":0.3,"9":-0.2,"10":0.2,"11":-0.1,"12":0.0,"13":0.1,"14":0.2,"15":0.1,"16":0.3,"17":0.1,"18":0.0,"19":-0.2,"20":-0.4,"21":0.2,"22":-0.3,"23":-0.3,"24":-0.3,"25":-0.1,"26":0.4,"27":0.1,"28":-0.2,"29":-0.2,"30":0.2,"31":-0.1,"32":0.0,"33":0.1,"34":0.3,"35":0.2,"36":0.2,"37":-0.2,"38":-0.8,"39":-1.2,"40":-0.2,"41":0.5,"42":0.4,"43":0.3,"44":0.1,"45":-0.2,"46":0.0,"47":0.2,"48":0.0,"49":0.3,"50":0.9,"51":1.6,"52":0.8,"53":0.4,"54":0.0,"55":-0.1,"56":0.1,"57":0.8,"58":0.6,"59":0.0},"inflate_pct":{"0":0.0,"1":8.0,"2":-11.11111111,"3":-8.333333333,"4":-13.63636364,"5":-15.78947368,"6":6.25,"7":11.76470588,"8":15.78947368,"9":-9.090909091,"10":10.0,"11":-4.545454545,"12":0.0,"13":4.761904762,"14":9.090909091,"15":4.166666667,"16":12.0,"17":3.571428571,"18":0.0,"19":-6.896551724,"20":-14.81481481,"21":8.695652174,"22":-12.0,"23":-13.63636364,"24":-15.78947368,"25":-6.25,"26":26.66666667,"27":5.263157895,"28":-10.0,"29":-11.11111111,"30":12.5,"31":-5.555555556,"32":0.0,"33":5.882352941,"34":16.66666667,"35":9.523809524,"36":8.695652174,"37":-8.0,"38":-34.7826087,"39":-80.0,"40":-66.66666667,"41":500.0,"42":66.66666667,"43":30.0,"44":7.692307692,"45":-14.28571429,"46":0.0,"47":16.66666667,"48":0.0,"49":21.42857143,"50":52.94117647,"51":61.53846154,"52":19.04761905,"53":8.0,"54":0.0,"55":-1.851851852,"56":1.886792453,"57":14.81481481,"58":9.677419355,"59":0.0},"int_val":{"0":0.75,"1":0.75,"2":1.0,"3":1.0,"4":1.0,"5":1.25,"6":1.25,"7":1.25,"8":1.25,"9":1.25,"10":1.25,"11":1.5,"12":1.5,"13":1.5,"14":1.75,"15":1.75,"16":1.75,"17":2.0,"18":2.0,"19":2.0,"20":2.25,"21":2.25,"22":2.25,"23":2.5,"24":2.5,"25":2.5,"26":2.5,"27":2.5,"28":2.5,"29":2.5,"30":2.25,"31":2.25,"32":2.0,"33":1.75,"34":1.75,"35":1.75,"36":1.75,"37":1.75,"38":0.25,"39":0.25,"40":0.25,"41":0.25,"42":0.25,"43":0.25,"44":0.25,"45":0.25,"46":0.25,"47":0.25,"48":0.25,"49":0.25,"50":0.25,"51":0.25,"52":0.25,"53":0.25,"54":0.25,"55":0.25,"56":0.25,"57":0.25,"58":0.25,"59":0.25},"int_chg":{"0":0.0,"1":0.0,"2":0.25,"3":0.0,"4":0.0,"5":0.25,"6":0.0,"7":0.0,"8":0.0,"9":0.0,"10":0.0,"11":0.25,"12":0.0,"13":0.0,"14":0.25,"15":0.0,"16":0.0,"17":0.25,"18":0.0,"19":0.0,"20":0.25,"21":0.0,"22":0.0,"23":0.25,"24":0.0,"25":0.0,"26":0.0,"27":0.0,"28":0.0,"29":0.0,"30":-0.25,"31":0.0,"32":-0.25,"33":-0.25,"34":0.0,"35":0.0,"36":0.0,"37":0.0,"38":-1.5,"39":0.0,"40":0.0,"41":0.0,"42":0.0,"43":0.0,"44":0.0,"45":0.0,"46":0.0,"47":0.0,"48":0.0,"49":0.0,"50":0.0,"51":0.0,"52":0.0,"53":0.0,"54":0.0,"55":0.0,"56":0.0,"57":0.0,"58":0.0,"59":0.0},"int_pct":{"0":0.0,"1":0.0,"2":33.33333333,"3":0.0,"4":0.0,"5":25.0,"6":0.0,"7":0.0,"8":0.0,"9":0.0,"10":0.0,"11":20.0,"12":0.0,"13":0.0,"14":16.66666667,"15":0.0,"16":0.0,"17":14.28571429,"18":0.0,"19":0.0,"20":12.5,"21":0.0,"22":0.0,"23":11.11111111,"24":0.0,"25":0.0,"26":0.0,"27":0.0,"28":0.0,"29":0.0,"30":-10.0,"31":0.0,"32":-11.11111111,"33":-12.5,"34":0.0,"35":0.0,"36":0.0,"37":0.0,"38":-85.71428571,"39":0.0,"40":0.0,"41":0.0,"42":0.0,"43":0.0,"44":0.0,"45":0.0,"46":0.0,"47":0.0,"48":0.0,"49":0.0,"50":0.0,"51":0.0,"52":0.0,"53":0.0,"54":0.0,"55":0.0,"56":0.0,"57":0.0,"58":0.0,"59":0.0},"unemp_val":{"0":4.7,"1":4.6,"2":4.4,"3":4.4,"4":4.4,"5":4.3,"6":4.3,"7":4.4,"8":4.3,"9":4.2,"10":4.2,"11":4.1,"12":4.0,"13":4.1,"14":4.0,"15":4.0,"16":3.8,"17":4.0,"18":3.8,"19":3.8,"20":3.7,"21":3.8,"22":3.8,"23":3.9,"24":4.0,"25":3.8,"26":3.8,"27":3.6,"28":3.6,"29":3.6,"30":3.7,"31":3.7,"32":3.5,"33":3.6,"34":3.6,"35":3.6,"36":3.5,"37":3.5,"38":4.4,"39":14.7,"40":13.2,"41":11.0,"42":10.2,"43":8.4,"44":7.9,"45":6.9,"46":6.7,"47":6.7,"48":6.4,"49":6.2,"50":6.0,"51":6.0,"52":5.8,"53":5.9,"54":5.4,"55":5.2,"56":4.7,"57":4.6,"58":4.2,"59":3.9},"unemp_chg":{"0":-0.1,"1":-0.1,"2":-0.2,"3":0.0,"4":0.0,"5":-0.1,"6":0.0,"7":0.1,"8":-0.1,"9":-0.1,"10":0.0,"11":-0.1,"12":-0.1,"13":0.1,"14":-0.1,"15":0.0,"16":-0.2,"17":0.2,"18":-0.2,"19":0.0,"20":-0.1,"21":0.1,"22":0.0,"23":0.1,"24":0.1,"25":-0.2,"26":0.0,"27":-0.2,"28":0.0,"29":0.0,"30":0.1,"31":0.0,"32":-0.2,"33":0.1,"34":0.0,"35":0.0,"36":-0.1,"37":0.0,"38":0.9,"39":10.3,"40":-1.5,"41":-2.2,"42":-0.8,"43":-1.8,"44":-0.5,"45":-1.0,"46":-0.2,"47":0.0,"48":-0.3,"49":-0.2,"50":-0.2,"51":0.0,"52":-0.2,"53":0.1,"54":-0.5,"55":-0.2,"56":-0.5,"57":-0.1,"58":-0.4,"59":-0.3},"unemp_pct":{"0":-2.127659574,"1":-2.127659574,"2":-4.347826087,"3":0.0,"4":0.0,"5":-2.272727273,"6":0.0,"7":2.325581395,"8":-2.272727273,"9":-2.325581395,"10":0.0,"11":-2.380952381,"12":-2.43902439,"13":2.5,"14":-2.43902439,"15":0.0,"16":-5.0,"17":5.263157895,"18":-5.0,"19":0.0,"20":-2.631578947,"21":2.702702703,"22":0.0,"23":2.631578947,"24":2.564102564,"25":-5.0,"26":0.0,"27":-5.263157895,"28":0.0,"29":0.0,"30":2.777777778,"31":0.0,"32":-5.405405405,"33":2.857142857,"34":0.0,"35":0.0,"36":-2.777777778,"37":0.0,"38":25.71428571,"39":234.0909091,"40":-10.20408163,"41":-16.66666667,"42":-7.272727273,"43":-17.64705882,"44":-5.952380952,"45":-12.65822785,"46":-2.898550725,"47":0.0,"48":-4.47761194,"49":-3.125,"50":-3.225806452,"51":0.0,"52":-3.333333333,"53":1.724137931,"54":-8.474576271,"55":-3.703703704,"56":-9.615384615,"57":-2.127659574,"58":-8.695652174,"59":-7.142857143}}